Account Number,Holder's Name,DATE&TIME
1231231112,Hitesh kumar,2024-05-21/22:47:54
1212212211,khan,2024-05-20/23:31:35
9812332100,kumar,2024-05-31/00:05:25
2189754321,hanitha,2024-05-9/00:05:25
9900123321,anil,2024-05-2/00:05:25
8889761230,raghu,2024-05-1/00:05:25
6762546289,darshana,2024-05-12/00:05:25
4576233088,arun,2024-05-12/00:05:25
8922567768,megana,2024-05-5/00:05:25
1231231231,praneeth bonagiri,2024-05-31/00:05:25
9879561230,arjun kumar reddy,2024-05-31 / 00:12:53
8688626730,ajay,2024-05-31/16:03:51
9870123012,mukesh,2024-05-31/21:45:41
